{"is_source_file": false, "format": "", "description": "", "external_files": [], "external_methods": [], "published": [], "classes": [], "methods": [], "calls": [], "search-terms": [], "state": 2, "file_id": 5, "knowledge_revision": 12, "git_revision": "246335a826993781f375f735670fe2eb9737d067", "hash": "32a978380246c0479e2c9fb9dd0cf7ab", "format-version": 4, "code-base-name": "frontend_nuxt", "filename": "frontend_nuxt/server/tsconfig.json", "revision_history": [{"12": "246335a826993781f375f735670fe2eb9737d067"}]}