{"is_source_file": true, "format": "JavaScript Module (.mjs)", "description": "ESLint configuration file for a Nuxt.js front-end project, setting linting rules and parser options for JavaScript and TypeScript files.", "external_files": ["@eslint/js", "globals", "typescript-eslint"], "external_methods": [], "published": [], "classes": [], "methods": [], "calls": ["js.configs.recommended", "tseslint.configs.recommended"], "search-terms": ["eslint", "eslint.config.mjs", "Nuxt.js", "linting", "typescript-eslint", "recommended", "project configuration"], "state": 2, "file_id": 3, "knowledge_revision": 13, "git_revision": "246335a826993781f375f735670fe2eb9737d067", "hash": "6bbf88a99fa9b1a0d3b508e69c6e2f4f", "format-version": 4, "code-base-name": "frontend_nuxt", "filename": "frontend_nuxt/eslint.config.mjs", "revision_history": [{"13": "246335a826993781f375f735670fe2eb9737d067"}]}