{"is_source_file": false, "format": "", "description": "", "external_files": [], "external_methods": [], "published": [], "classes": [], "methods": [], "calls": [], "search-terms": [], "state": 2, "file_id": 1, "knowledge_revision": 9, "git_revision": "246335a826993781f375f735670fe2eb9737d067", "hash": "0fac5c1cfa8521b2091133f39e89c39d", "format-version": 4, "code-base-name": "frontend_nuxt", "filename": "frontend_nuxt/tsconfig.json", "revision_history": [{"9": "246335a826993781f375f735670fe2eb9737d067"}]}