{"is_source_file": true, "format": "TypeScript", "description": "Configuration file for a Nuxt 3 project, defining build and server settings.", "external_files": ["https://nuxt.com/docs/api/configuration/nuxt-config"], "external_methods": ["defineNuxtConfig"], "published": [], "classes": [], "methods": ["defineNuxtConfig"], "calls": ["defineNuxtConfig"], "search-terms": ["Nuxt", "nuxt.config.ts", "defineNuxtConfig", "routeRules", "development server", "Vite", "compatibility"], "state": 2, "file_id": 4, "knowledge_revision": 14, "git_revision": "246335a826993781f375f735670fe2eb9737d067", "ctags": [], "hash": "5f9df0d4eaa42a5ea12a40cd14adef50", "format-version": 4, "code-base-name": "frontend_nuxt", "filename": "frontend_nuxt/nuxt.config.ts", "revision_history": [{"14": "246335a826993781f375f735670fe2eb9737d067"}]}