{"is_source_file": false, "format": "", "description": "", "external_files": [], "external_methods": [], "published": [], "classes": [], "methods": [], "calls": [], "search-terms": [], "state": 2, "file_id": 6, "knowledge_revision": 10, "git_revision": "246335a826993781f375f735670fe2eb9737d067", "hash": "4cd78a84a59f9b986939e5b8fc713b7d", "format-version": 4, "code-base-name": "frontend_nuxt", "filename": "frontend_nuxt/package.json", "revision_history": [{"10": "246335a826993781f375f735670fe2eb9737d067"}]}