{"is_source_file": false, "format": "", "description": "", "external_files": [], "external_methods": [], "published": [], "classes": [], "methods": [], "calls": [], "search-terms": [], "state": 2, "file_id": 2, "knowledge_revision": 11, "git_revision": "246335a826993781f375f735670fe2eb9737d067", "hash": "884261092c8d74ec62c5c0860a38bc9d", "format-version": 4, "code-base-name": "frontend_nuxt", "filename": "frontend_nuxt/README.md", "revision_history": [{"11": "246335a826993781f375f735670fe2eb9737d067"}]}